residue_id,resname,rmsf_mda
1,MET,1.0219664736463236
2,ARG,0.869499460818384
3,ILE,0.7355712153780205
4,ILE,0.4923955807178038
5,LEU,0.5062907014840597
6,LEU,0.4384151830371208
7,GLY,0.8888780333360076
8,ALA,0.9654545645311032
9,PRO,1.1363816574983518
10,GLY,1.1225664406305627
11,ALA,0.9423459018437811
12,GLY,1.1682904722014784
13,LYS,0.8606205498980404
14,GLY,1.0738783314718063
15,THR,1.4347655126634822
16,GLN,1.2387722596788533
17,ALA,0.9939234549620105
18,GLN,1.3346641207387153
19,PHE,1.4314523746381465
20,ILE,1.2332566771657292
21,MET,1.2494701927520115
22,GLU,1.5535132536354437
23,LYS,1.6526434985432212
24,TYR,1.4966410494410223
25,GLY,1.4157839927638487
26,ILE,1.1465500148604775
27,PRO,1.0574646283537352
28,GLN,0.9429016559917314
29,ILE,0.7993726377482919
30,SER,1.1691235728695772
31,THR,1.1850649453382103
32,GLY,2.070166643332498
33,ASP,2.865072233642263
34,MET,2.7618669317354008
35,LEU,2.5881356749574
36,ARG,3.2273130746390435
37,ALA,3.5186317582026616
38,ALA,3.531338355211246
39,VAL,3.932705531617155
40,LYS,4.462864966615373
41,SER,4.6844254774004
42,GLY,4.449157345527929
43,SER,4.258054489416095
44,GLU,4.180929527026237
45,LEU,3.0773264019855637
46,GLY,2.9428847612365536
47,LYS,3.710123951238895
48,GLN,3.191159719001095
49,ALA,2.9056129212545665
50,LYS,3.617605624751103
51,ASP,4.61555477814012
52,ILE,3.922493110338267
53,MET,3.737121428030683
54,ASP,4.362675554134777
55,ALA,5.216332330723458
56,GLY,5.292153053223742
57,LYS,3.6150958069133963
58,LEU,3.237588870658767
59,VAL,2.391553090443022
60,THR,1.2293603776694582
61,ASP,0.6604937788914796
62,GLU,1.1567489888185656
63,LEU,1.4464087905454908
64,VAL,1.1068317058588728
65,ILE,1.003479037203732
66,ALA,1.3288823844248578
67,LEU,1.381217970072782
68,VAL,0.9890112310362827
69,LYS,1.1155715790731662
70,GLU,1.5550317165007732
71,ARG,1.367116248139719
72,ILE,1.1720558894758826
73,ALA,1.3806275143948596
74,GLN,1.31790668319141
75,GLU,1.2329625949021892
76,ASP,1.1420974792238927
77,CYS,1.0414045171960329
78,ARG,1.1765005544432252
79,ASN,1.1156290822049975
80,GLY,1.0076088497917233
81,PHE,0.8651689322655691
82,LEU,0.7189707466506874
83,LEU,0.6118342747695027
84,ASP,0.6965441892765779
85,GLY,0.8614004035400937
86,PHE,0.6456956234458018
87,PRO,0.510605068482235
88,ARG,0.6289152830452179
89,THR,0.8652996681641201
90,ILE,0.8616937460367121
91,PRO,1.0715628831183934
92,GLN,0.814418114760037
93,ALA,0.8088844282582061
94,ASP,0.9635620260405553
95,ALA,1.106145185446215
96,MET,1.1168392307263244
97,LYS,1.101437359057445
98,GLU,1.3678535951457014
99,ALA,1.5736777385193448
100,GLY,1.359255308658815
101,ILE,1.151352076223521
102,ASN,0.8914147371205503
103,VAL,0.7680001547869302
104,ASP,0.8425650041084999
105,TYR,0.7073617954365436
106,VAL,0.5167169980805111
107,LEU,0.4930131132700282
108,GLU,0.38657200695120125
109,PHE,0.6822229079450645
110,ASP,0.8127785496173732
111,VAL,1.053901842232024
112,PRO,1.2012308286319742
113,ASP,1.3503297936568048
114,GLU,1.6893193052588358
115,LEU,1.5198511743491234
116,ILE,1.3027757044121435
117,VAL,1.4872961468090045
118,ASP,1.5938948771660966
119,ARG,1.5916277327703603
120,ILE,1.7252989544987483
121,VAL,1.7860386704320521
122,GLY,1.9791536444427034
123,ARG,2.3070801547270143
124,ARG,2.8706907189691515
125,VAL,3.5323821059418243
126,HSD,4.440431742018517
127,ALA,4.2749787577617075
128,PRO,4.9865135028559
129,SER,5.142419751068069
130,GLY,4.313610668685177
131,ARG,4.26090780591738
132,VAL,3.3818251394480603
133,TYR,2.9171707775528852
134,HSD,2.2017274200342674
135,VAL,2.049237951032652
136,LYS,1.7193753137985817
137,PHE,1.9486188487764975
138,ASN,2.259435489510598
139,PRO,2.3916108464578185
140,PRO,3.0918156397128516
141,LYS,3.3241642626075416
142,VAL,3.6205689129989183
143,GLU,3.2626090990308017
144,GLY,3.909491104095997
145,LYS,4.361530542597536
146,ASP,4.409269096963479
147,ASP,4.287843544417951
148,VAL,5.132093342874185
149,THR,5.743782460984469
150,GLY,5.403983909060094
151,GLU,5.483970542417133
152,GLU,5.149596242178523
153,LEU,4.155627627686374
154,THR,3.7668255804784248
155,THR,3.1598925319770372
156,ARG,3.0818431751500817
157,LYS,3.0999221597132265
158,ASP,2.5169834255738888
159,ASP,2.245464186829007
160,GLN,2.253114110527682
161,GLU,2.105762744954295
162,GLU,1.8539680055667351
163,THR,1.749756305023665
164,VAL,1.52935561479564
165,ARG,1.520210368468291
166,LYS,1.6307872243829171
167,ARG,1.5426341177693865
168,LEU,1.352122366097014
169,VAL,1.551688174472172
170,GLU,1.4008428460537021
171,TYR,1.075357347306402
172,HSD,1.3013310060931222
173,GLN,1.5555944007172375
174,MET,1.3414761057147986
175,THR,1.184123940542022
176,ALA,0.9009835409972615
177,PRO,0.6273436816485676
178,LEU,0.5557289466213075
179,ILE,0.47791993320299603
180,GLY,0.7507910903509954
181,TYR,0.7485509800675798
182,TYR,0.6445689447323408
183,SER,0.6646694209340381
184,LYS,0.8396976462004777
185,GLU,0.91732599111491
186,ALA,0.7508849199316532
187,GLU,0.8777646595960765
188,ALA,1.1829374294860837
189,GLY,1.1964705280955672
190,ASN,1.2034469398256447
191,THR,0.8897340182495759
192,LYS,0.8314620482792188
193,TYR,0.6597390296930672
194,ALA,0.6556152621569605
195,LYS,0.4873381318388532
196,VAL,0.7178860391630153
197,ASP,0.8953920244874866
198,GLY,1.0095501779915295
199,THR,1.4092544147086388
200,LYS,1.6929304379414976
201,PRO,2.0350443466216492
202,VAL,1.748162859264576
203,ALA,1.9377660956762879
204,GLU,1.751069321355665
205,VAL,1.435579093064002
206,ARG,1.506078708694092
207,ALA,1.5995542280902808
208,ASP,1.416357283925984
209,LEU,1.3127652674534218
210,GLU,1.5148998914155176
211,LYS,1.5012204719775362
212,ILE,1.1556201831786075
213,LEU,1.3843163928457018
214,GLY,1.8727074605426786
